,World Rank,Institution,Location,National Rank,Alumni Employment,Research Output,Quality Publications,Influence,Citations,Score
0,1,Harvard University,USA,1,1,1,1,1,1,100.0
1,2,Stanford University,USA,2,3,10,4,3,2,96.7
2,3,Massachusetts Institute of Technology,USA,3,11,30,15,2,6,95.1
3,4,University of Cambridge,United Kingdom,1,19,12,8,6,19,94.0
4,5,University of Oxford,United Kingdom,2,25,9,5,7,4,93.2
5,6,"University of California, Berkeley",USA,4,52,18,12,4,8,92.5
6,7,Princeton University,USA,5,15,146,99,28,27,91.9
7,8,Columbia University,USA,6,13,20,14,10,10,91.4
8,9,California Institute of Technology,USA,7,200,127,81,13,31,91.0
9,10,University of Chicago,USA,8,22,39,22,18,10,90.6
10,11,Yale University,USA,9,34,37,19,11,31,90.3
11,12,University of Tokyo,Japan,1,8,7,17,23,29,90.0
12,13,University of Pennsylvania,USA,10,9,16,11,17,13,89.7
13,14,Cornell University,USA,11,28,31,24,15,40,89.4
14,15,"University of California, Los Angeles",USA,12,63,13,10,14,5,89.1
15,16,Johns Hopkins University,USA,13,159,8,6,12,3,88.9
16,17,University of Toronto,Canada,1,157,2,2,16,7,88.7
17,18,"University of Michigan, Ann Arbor",USA,14,38,3,3,20,10,88.4
18,19,University of Washington - Seattle,USA,15,220,11,9,9,9,88.2
19,20,"University of California, San Diego",USA,16,1100,28,16,5,16,88.0
20,21,University College London,United Kingdom,3,739,5,7,19,19,87.8
21,22,"University of California, San Francisco",USA,17,1100,45,23,8,17,87.7
22,23,Northwestern University,USA,18,18,52,28,36,34,87.5
23,24,Duke University,USA,19,46,36,20,21,14,87.3
24,25,New York University,USA,20,40,70,50,29,35,87.2
25,26,Kyoto University,Japan,2,29,29,45,48,101,87.0
26,27,University of WisconsinMadison,USA,21,79,32,26,30,15,86.9
27,28,ETH Zurich,Switzerland,1,98,57,42,27,59,86.7
28,29,Sorbonne University,France,1,344,6,13,24,22,86.6
29,30,Imperial College London,United Kingdom,4,103,21,18,25,29,86.5
30,31,University of Texas at Austin,USA,22,62,73,58,58,24,86.3
31,32,University of Illinois at UrbanaChampaign,USA,23,150,65,55,61,50,86.2
32,33,University of North Carolina at Chapel Hill,USA,24,120,50,30,33,21,86.1
33,34,University of Edinburgh,United Kingdom,5,325,72,56,31,48,86.0
34,35,University of Minnesota Twin Cities,USA,25,302,24,21,35,28,85.9
35,36,Washington University in St. Louis,USA,26,161,81,46,22,22,85.8
36,37,McGill University,Canada,2,86,44,36,53,39,85.6
37,38,University of British Columbia,Canada,3,699,25,27,37,24,85.5
38,39,University of Copenhagen,Denmark,1,364,26,29,26,38,85.4
39,40,Ohio State University,USA,27,254,33,31,50,35,85.3
40,41,Rutgers University-New Brunswick,USA,28,101,74,67,62,59,85.2
41,42,"University of California, Davis",USA,29,579,42,35,39,31,85.1
42,43,Pennsylvania State University,USA,30,168,43,40,41,51,85.0
43,44,University of Manchester,United Kingdom,6,227,49,48,65,35,85.0
44,45,Weizmann Institute of Science,Israel,1,1100,445,292,69,254,84.9
45,46,Heidelberg University,Germany,1,807,63,64,51,53,84.8
46,47,"University of Maryland, College Park",USA,31,480,92,72,45,42,84.7
47,48,Ludwig Maximilian University of Munich,Germany,2,266,53,57,42,46,84.6
48,49,Karolinska Institute,Sweden,1,1100,67,53,46,108,84.5
49,50,University of Colorado Boulder,USA,32,170,145,111,40,59,84.4
50,51,University of Southern California,USA,33,111,121,88,74,66,84.4
51,52,University of Arizona,USA,34,164,111,96,43,48,84.3
52,53,Osaka University,Japan,3,65,59,82,83,174,84.2
53,54,University of Paris-Sud,France,2,815,103,86,98,76,84.1
54,55,University of Geneva,Switzerland,2,381,147,130,87,72,84.0
55,56,Boston University,USA,35,112,113,75,52,26,84.0
56,57,University of Melbourne,Australia,1,408,35,34,54,40,83.9
57,58,Brown University,USA,36,50,186,125,85,80,83.8
58,59,"University of California, Irvine",USA,37,1100,133,97,64,57,83.8
59,60,Seoul National University,South Korea,1,20,19,39,146,129,83.7
60,61,Hebrew University of Jerusalem,Israel,2,400,177,143,122,405,83.6
61,62,University of Florida,USA,38,485,40,44,90,43,83.6
62,63,"Purdue University, West Lafayette",USA,39,83,94,93,106,129,83.5
63,64,Vanderbilt University,USA,40,91,95,63,57,45,83.4
64,65,University of Bristol,United Kingdom,7,296,126,100,67,85,83.4
65,66,University of Texas Southwestern Medical Center,USA,41,1100,244,151,34,187,83.3
66,67,Sapienza University of Rome,Italy,1,486,61,103,195,71,83.2
67,68,King's College London,United Kingdom,8,341,88,65,79,72,83.2
68,69,University of Zurich,Switzerland,3,771,80,70,49,51,83.1
69,70,"University of California, Santa Barbara",USA,42,596,229,146,80,63,83.0
70,71,University of Sydney,Australia,2,590,27,33,71,46,83.0
71,72,Utrecht University,Netherlands,1,352,58,43,56,66,82.9
72,73,University of Pittsburgh,USA,43,233,34,25,47,18,82.9
73,74,University of Queensland,Australia,3,541,46,51,63,53,82.8
74,75,University of Oslo,Norway,1,633,99,102,112,93,82.8
75,76,Rockefeller University,USA,44,1100,786,434,32,275,82.7
76,77,University of São Paulo,Brazil,1,256,4,60,162,139,82.6
77,78,"Texas A&M University, College Station",USA,45,183,85,95,133,101,82.6
78,79,University of Virginia,USA,46,31,151,116,95,85,82.5
79,80,Emory University,USA,47,197,101,66,55,63,82.5
80,81,Free University of Berlin,Germany,3,1100,64,76,72,85,82.4
81,82,Australian National University,Australia,4,666,153,136,101,121,82.4
82,83,University of Utah,USA,48,187,125,105,68,93,82.3
83,84,Paris Diderot University,France,3,1100,122,108,44,76,82.3
84,85,Tel Aviv University,Israel,3,143,108,115,129,151,82.2
85,86,Uppsala University,Sweden,2,548,107,107,66,114,82.2
86,87,University of Barcelona,Spain,1,472,47,54,91,72,82.1
87,88,Aarhus University,Denmark,2,379,83,79,78,121,82.1
88,89,University of Texas MD Anderson Cancer Center,USA,49,1100,158,104,70,66,82.0
89,90,Leiden University,Netherlands,2,1100,118,78,81,80,82.0
90,91,Carnegie Mellon University,USA,50,145,318,228,221,129,81.9
91,92,Peking University,China,1,67,23,38,88,167,81.9
92,93,University of Helsinki,Finland,1,1100,82,83,77,108,81.8
93,94,Baylor College of Medicine,USA,51,1100,161,118,38,53,81.8
94,95,Lund University,Sweden,3,753,90,90,121,76,81.7
95,96,University of Alberta,Canada,4,371,62,69,117,80,81.7
96,97,Grenoble Alpes University,France,4,1100,89,87,75,93,81.7
97,98,Tsinghua University,China,2,109,22,41,96,108,81.6
98,99,University of Basel,Switzerland,4,393,218,162,89,139,81.6
99,100,University of Groningen,Netherlands,3,482,97,73,104,93,81.5
100,101,Humboldt University of Berlin,Germany,4,1100,69,77,73,80,81.5
101,102,École Polytechnique Fédérale de Lausanne,Switzerland,5,92,184,126,102,53,81.4
102,103,National University of Singapore,Singapore,1,148,38,32,94,85,81.4
103,104,Ghent University,Belgium,1,685,55,68,136,101,81.3
104,105,University of Rochester,USA,52,74,220,148,139,66,81.3
105,106,Erasmus University Rotterdam,Netherlands,4,90,120,84,107,72,81.3
106,107,KU Leuven,Belgium,2,429,48,47,84,66,81.2
107,108,University of Bern,Switzerland,6,1100,160,144,105,85,81.2
108,109,National Taiwan University,Taiwan,1,37,51,61,223,151,81.1
109,110,University of Montreal,Canada,5,455,86,91,93,139,81.1
110,111,"University of California, Santa Cruz",USA,53,1100,412,275,60,93,81.1
111,112,Technical University of Munich,Germany,5,339,106,98,86,139,81.0
112,113,Nagoya University,Japan,4,366,132,165,169,222,81.0
113,114,Arizona State University,USA,54,796,155,139,113,114,80.9
114,115,University of Bonn,Germany,6,494,167,158,123,101,80.9
115,116,École Polytechnique,France,5,5,488,396,348,254,80.9
116,117,École normale supérieure,France,6,627,598,442,227,460,80.8
117,118,University of Nottingham,United Kingdom,9,375,138,121,179,114,80.8
118,119,University of New South Wales,Australia,5,126,68,74,154,85,80.8
119,120,Tohoku University,Japan,5,158,60,101,166,167,80.7
120,121,McMaster University,Canada,6,660,140,133,124,57,80.7
121,122,Dartmouth College,USA,55,17,372,258,185,240,80.6
122,123,University of Amsterdam,Netherlands,5,872,79,62,82,85,80.6
123,124,Monash University,Australia,6,405,56,59,100,101,80.6
124,125,University of Hamburg,Germany,7,414,139,138,130,114,80.5
125,126,Moscow State University,Russia,1,384,98,289,279,304,80.5
126,127,VU University Amsterdam,Netherlands,6,984,91,71,132,44,80.5
127,128,Stony Brook University,USA,56,1100,270,197,115,187,80.4
128,129,Rice University,USA,57,93,407,283,163,108,80.4
129,130,Radboud University Nijmegen,Netherlands,7,533,114,80,99,59,80.4
130,131,Cardiff University,United Kingdom,10,483,212,182,148,121,80.3
131,132,University of Tübingen,Germany,8,1100,152,141,118,240,80.3
132,133,University of Colorado Denver | Anschutz Medical Campus,USA,58,1100,234,167,134,139,80.3
133,134,University of Iowa,USA,59,373,148,120,108,151,80.2
134,135,University of Strasbourg,France,7,1100,258,197,157,275,80.2
135,136,Shanghai Jiao Tong University,China,3,236,17,52,203,167,80.2
136,137,University of Southampton,United Kingdom,11,285,134,114,119,151,80.1
137,138,Aix-Marseille University,France,8,941,87,89,76,139,80.1
138,139,Georgia Institute of Technology,USA,60,151,144,117,171,222,80.1
139,140,Tokyo Institute of Technology,Japan,6,71,195,233,218,222,80.0
140,141,University of Montpellier,France,9,1100,142,129,125,139,80.0
141,142,Case Western Reserve University,USA,61,259,183,140,109,76,80.0
142,143,Indiana University Bloomington,USA,62,78,267,193,161,163,79.9
143,144,Michigan State University,USA,63,281,110,106,145,65,79.9
144,145,University of Western Australia,Australia,7,663,123,123,141,121,79.9
145,146,University of Lausanne,Switzerland,7,791,286,215,120,151,79.8
146,147,Technion  Israel Institute of Technology,Israel,4,271,271,227,213,200,79.8
147,148,University of Milan,Italy,2,691,117,130,184,114,79.8
148,149,Goethe University Frankfurt,Germany,9,642,219,205,152,222,79.7
149,150,University of Padua,Italy,3,1100,96,110,144,80,79.7
150,151,Oregon Health & Science University,USA,64,1100,295,208,111,108,79.7
151,152,Autonomous University of Barcelona,Spain,2,1100,131,135,206,187,79.6
152,153,Icahn School of Medicine at Mount Sinai,USA,65,1100,202,145,59,101,79.6
153,154,Tufts University,USA,66,64,272,212,178,151,79.6
154,155,University of Göttingen,Germany,10,316,188,171,138,187,79.6
155,156,Royal Institute of Technology,Sweden,4,45,242,232,322,222,79.5
156,157,Zhejiang University,China,4,568,15,49,244,304,79.5
157,158,University of Glasgow,United Kingdom,12,264,165,128,103,114,79.5
158,159,Stockholm University,Sweden,5,276,247,200,110,93,79.4
159,160,University of Notre Dame,USA,67,30,379,274,286,327,79.4
160,161,Université catholique de Louvain,Belgium,3,524,254,217,254,85,79.4
161,162,University of Sheffield,United Kingdom,13,440,154,147,160,93,79.4
162,163,University of Warwick,United Kingdom,14,239,233,184,204,151,79.3
163,164,University of Leeds,United Kingdom,15,291,150,137,127,139,79.3
164,165,University of Freiburg,Germany,11,209,187,160,128,129,79.3
165,166,University of Gothenburg,Sweden,6,427,208,189,175,187,79.2
166,167,North Carolina State University,USA,68,416,170,168,235,200,79.2
167,168,Wageningen University and Research,Netherlands,8,962,207,175,170,129,79.2
168,169,University of Birmingham,United Kingdom,16,355,129,119,142,187,79.2
169,170,Fudan University,China,5,210,54,94,188,275,79.1
170,171,University of Hong Kong,Hong Kong,1,165,136,132,183,114,79.1
171,172,University of Vienna,Austria,1,489,249,247,159,174,79.1
172,173,Nanyang Technological University,Singapore,2,1100,93,85,243,121,79.1
173,174,Hokkaido University,Japan,7,305,137,173,209,304,79.0
174,175,Keio University,Japan,8,12,303,324,273,363,79.0
175,176,Université libre de Bruxelles,Belgium,4,258,290,264,228,200,79.0
176,177,Iowa State University,USA,69,245,203,195,214,222,78.9
177,178,Chinese University of Hong Kong,Hong Kong,2,1100,180,156,304,174,78.9
178,179,University of Liverpool,United Kingdom,17,436,189,155,135,139,78.9
179,180,University of Georgia,USA,70,337,193,190,165,275,78.9
180,181,Paris Descartes University,France,10,916,173,134,114,187,78.8
181,182,University of Massachusetts Medical School,USA,71,1100,505,326,92,200,78.8
182,183,"University of Science and Technology, Korea",South Korea,2,1100,41,92,270,254,78.8
183,184,University of Massachusetts Amherst,USA,72,253,289,226,212,121,78.8
184,185,University of Florence,Italy,4,765,213,231,305,200,78.7
185,186,University of Münster,Germany,12,782,214,172,182,200,78.7
186,187,Queen Mary University of London,United Kingdom,18,907,276,223,156,200,78.7
187,188,Newcastle University,United Kingdom,19,498,236,188,140,174,78.7
188,189,University of Chinese Academy of Sciences,China,6,1100,14,37,220,898,78.6
189,190,University of MissouriColumbia,USA,73,190,265,244,261,222,78.6
190,191,University of Alabama at Birmingham,USA,74,1100,198,152,126,139,78.6
191,192,Durham University,United Kingdom,20,327,327,255,236,240,78.6
192,193,University of Connecticut,USA,75,417,210,191,211,254,78.5
193,194,University of Texas Health Science Center at Houston,USA,76,1100,298,238,143,187,78.5
194,195,Yeshiva University,USA,77,1100,305,222,97,151,78.5
195,196,University of Calgary,Canada,7,213,141,142,153,240,78.5
196,197,University of Miami,USA,78,286,204,174,137,129,78.4
197,198,Western University,Canada,8,105,164,164,202,167,78.4
198,199,Paul Sabatier University - Toulouse III,France,11,1100,185,161,116,174,78.4
199,200,Nanjing University,China,7,563,78,109,317,163,78.4
200,201,University of Bologna,Italy,5,709,116,127,260,129,78.4
201,202,Sun Yat-sen University,China,8,527,71,113,302,200,78.3
202,203,Charles University in Prague,Czech Republic,1,1100,135,230,237,200,78.3
203,204,University of Cincinnati,USA,79,195,222,178,167,151,78.3
204,205,University of Ottawa,Canada,9,431,162,157,164,200,78.3
205,206,University of Liège,Belgium,5,1100,337,334,242,174,78.2
206,207,TU Dresden,Germany,13,1100,172,178,176,129,78.2
207,208,University of Turin,Italy,6,1100,199,210,263,200,78.2
208,209,University of Science and Technology of China,China,9,347,102,112,248,254,78.2
209,210,"University of Maryland, Baltimore",USA,80,1100,253,192,150,101,78.1
210,211,University of Sussex,United Kingdom,21,387,482,365,269,163,78.1
211,212,RWTH Aachen University,Germany,14,298,181,186,367,129,78.1
212,213,University of Cologne,Germany,15,287,221,206,147,222,78.1
213,214,University of Würzburg,Germany,16,853,268,220,186,240,78.1
214,215,Technical University of Denmark,Denmark,3,830,216,203,196,93,78.0
215,216,University of Erlangen-Nuremberg,Germany,17,928,166,166,189,151,78.0
216,217,University of Illinois at Chicago,USA,81,1100,169,149,205,151,78.0
217,218,Sungkyunkwan University,South Korea,3,237,119,170,295,139,78.0
218,219,Louisiana State University,USA,82,345,190,201,198,108,77.9
219,220,University of Lisbon,Portugal,1,1100,109,154,291,167,77.9
220,221,Claude Bernard University Lyon 1,France,12,1100,171,150,158,254,77.9
221,222,Yonsei University,South Korea,4,116,76,122,308,363,77.9
222,223,University of Cape Town,South Africa,1,294,293,299,190,254,77.9
223,224,University of Kansas,USA,83,270,243,218,180,121,77.8
224,225,University College Dublin,Ireland,1,310,315,291,276,200,77.8
225,226,Kyushu University,Japan,9,106,124,176,238,363,77.8
226,227,University of Porto,Portugal,2,655,179,245,323,304,77.8
227,228,"Trinity College, Dublin",Ireland,2,96,335,300,222,129,77.7
228,229,University of Adelaide,Australia,8,845,197,199,194,187,77.7
229,230,University of the Witwatersrand,South Africa,2,80,367,377,187,304,77.7
230,231,University of Manitoba,Canada,10,207,281,272,288,275,77.7
231,232,Karlsruhe Institute of Technology,Germany,18,334,211,209,326,275,77.7
232,233,University of Kiel,Germany,19,911,269,253,172,222,77.6
233,234,Johannes Gutenberg University Mainz,Germany,20,1100,239,213,193,254,77.6
234,235,Indiana University  Purdue University Indianapolis,USA,84,943,250,204,177,222,77.6
235,236,University of Auckland,New Zealand,1,468,235,236,250,121,77.6
236,237,Korea University,South Korea,5,108,115,159,384,363,77.6
237,238,University of Tsukuba,Japan,10,1100,259,277,266,405,77.5
238,239,Wake Forest University,USA,85,73,366,285,231,167,77.5
239,240,Ulm University,Germany,21,825,329,301,199,363,77.5
240,241,Queensland University of Technology,Australia,9,1100,159,183,201,327,77.5
241,242,University of Lille,France,13,1100,174,195,246,240,77.5
242,243,University of Aberdeen,United Kingdom,22,649,348,293,210,254,77.4
243,244,Colorado State University,USA,86,1100,282,256,216,304,77.4
244,245,"University of California, Riverside",USA,87,1100,328,240,149,200,77.4
245,246,Virginia Commonwealth University,USA,88,1100,330,278,251,304,77.4
246,247,University of Naples Federico II,Italy,7,949,149,177,338,200,77.4
247,248,Florida State University,USA,89,645,275,235,232,139,77.3
248,249,Maastricht University,Netherlands,9,1100,223,169,293,187,77.3
249,250,Brandeis University,USA,90,251,948,636,217,405,77.3
250,251,Oregon State University,USA,91,519,294,267,173,187,77.3
251,252,University of Bergen,Norway,2,1100,264,241,181,222,77.3
252,253,Wayne State University,USA,92,263,266,234,267,163,77.2
253,254,"University of Tennessee, Knoxville",USA,93,288,231,224,233,240,77.2
254,255,Umeå University,Sweden,7,1100,336,281,207,275,77.2
255,256,London School of Hygiene & Tropical Medicine,United Kingdom,23,1100,392,257,151,174,77.2
256,257,University of New Mexico,USA,94,1100,304,251,174,200,77.2
257,258,National Autonomous University of Mexico,Mexico,1,1100,105,219,249,405,77.2
258,259,University of Kentucky,USA,95,535,227,216,275,200,77.1
259,260,University of Warsaw,Poland,1,1100,380,415,360,275,77.1
260,261,Queen's University,Canada,11,378,320,287,316,363,77.1
261,262,University of South Florida,USA,96,724,256,248,256,174,77.1
262,263,Norwegian University of Science and Technology,Norway,3,397,339,349,463,327,77.1
263,264,Complutense University of Madrid,Spain,3,131,178,214,321,363,77.0
264,265,Xi'an Jiaotong University,China,10,201,112,180,451,327,77.0
265,266,University of Leicester,United Kingdom,24,1100,345,280,131,275,77.0
266,267,Medical University of Vienna,Austria,2,1100,301,252,200,200,77.0
267,268,University of Waterloo,Canada,12,222,196,194,353,275,77.0
268,269,Laval University,Canada,13,499,241,225,252,275,76.9
269,270,Shandong University,China,11,800,84,153,571,327,76.9
270,271,University of Valencia,Spain,4,1100,215,237,349,174,76.9
271,272,University of East Anglia,United Kingdom,25,1100,471,353,224,187,76.9
272,273,University at Buffalo,USA,97,747,263,221,292,222,76.9
273,274,London School of Economics,United Kingdom,26,85,655,506,627,240,76.9
274,275,Virginia Tech,USA,98,322,206,211,259,363,76.8
275,276,Huazhong University of Science and Technology,China,12,244,77,124,537,541,76.8
276,277,Washington State University,USA,99,748,321,312,289,460,76.8
277,278,Dalhousie University,Canada,14,290,308,305,225,200,76.8
278,279,University of York,United Kingdom,27,1100,362,284,208,174,76.8
279,280,Autonomous University of Madrid,Spain,5,932,257,246,285,240,76.7
280,281,University of Exeter,United Kingdom,28,684,331,270,168,327,76.7
281,282,University of South Carolina - Columbia,USA,100,503,334,288,436,174,76.7
282,283,University of Rome Tor Vergata,Italy,8,1100,273,282,303,174,76.7
283,284,Delft University of Technology,Netherlands,10,406,224,228,281,363,76.7
284,285,University of Pisa,Italy,9,1100,228,261,337,222,76.7
285,286,Kobe University,Japan,11,445,369,418,318,327,76.6
286,287,Leipzig University,Germany,22,1100,284,279,229,275,76.6
287,288,University of Delaware,USA,101,688,371,304,341,405,76.6
288,289,Georgetown University,USA,102,59,427,331,319,275,76.6
289,290,University of Duisburg-Essen,Germany,23,1100,299,297,215,254,76.6
290,291,Ruhr University Bochum,Germany,24,370,245,259,283,327,76.6
291,292,University of Antwerp,Belgium,6,714,287,262,329,200,76.5
292,293,University of Buenos Aires,Argentina,1,1100,237,306,350,460,76.5
293,294,University of Düsseldorf,Germany,25,1100,347,317,219,222,76.5
294,295,KAIST,South Korea,6,156,209,187,306,673,76.5
295,296,Sichuan University,China,13,1100,75,181,370,898,76.5
296,297,National Cheng Kung University,Taiwan,2,102,168,202,484,541,76.5
297,298,Federal University of Rio de Janeiro,Brazil,2,401,192,316,328,304,76.4
298,299,University of Houston,USA,103,114,358,311,290,275,76.4
299,300,Harbin Institute of Technology,China,14,470,104,163,794,405,76.4
300,301,University of Innsbruck,Austria,3,787,528,450,241,327,76.4
301,302,Chinese Academy of Medical Sciences & Peking Union Medical College,China,15,1100,248,310,239,363,76.4
302,303,Waseda University,Japan,12,23,470,471,445,541,76.4
303,304,University of Texas at Dallas,USA,104,493,521,401,383,222,76.3
304,305,National and Kapodistrian University of Athens,Greece,1,634,201,268,416,275,76.3
305,306,University of Hawaii at Manoa,USA,105,1100,574,447,245,541,76.3
306,307,University of Lorraine,France,14,376,311,328,314,363,76.3
307,308,George Washington University,USA,106,169,352,295,234,405,76.3
308,309,University of Otago,New Zealand,2,864,323,308,282,254,76.3
309,310,Versailles Saint-Quentin-en-Yvelines University,France,15,1100,442,344,191,240,76.2
310,311,Simon Fraser University,Canada,15,1100,370,302,262,254,76.2
311,312,Tongji University,China,16,248,156,250,396,541,76.2
312,313,University of NebraskaLincoln,USA,107,386,325,298,309,275,76.2
313,314,University of Perugia,Italy,10,1100,426,412,307,460,76.2
314,315,Queen's University Belfast,United Kingdom,29,752,356,309,294,254,76.2
315,316,University of Texas Health Science Center at San Antonio,USA,108,1100,489,358,240,167,76.1
316,317,University of Jena,Germany,26,1100,278,266,264,460,76.1
317,318,University of Granada,Spain,6,1100,251,294,497,200,76.1
318,319,South China University of Technology,China,17,228,200,242,661,304,76.1
319,320,University of Dundee,United Kingdom,30,1100,536,391,192,174,76.1
320,321,Vrije Universiteit Brussel,Belgium,7,1100,350,320,271,304,76.1
321,322,George Mason University,USA,109,1100,560,487,357,460,76.0
322,323,King Abdulaziz University,Saudi Arabia,1,1100,255,357,274,363,76.0
323,324,Macquarie University,Australia,10,667,393,339,299,327,76.0
324,325,Pontifical Catholic University of Chile,Chile,1,221,385,428,330,405,76.0
325,326,University of Guelph,Canada,16,1100,360,352,325,200,76.0
326,327,University of Regensburg,Germany,27,727,386,341,258,275,76.0
327,328,Central South University,China,18,262,129,262,617,460,76.0
328,329,Grenoble Institute of Technology,France,16,1100,388,354,572,200,75.9
329,330,Thomas Jefferson University,USA,110,1100,461,368,331,151,75.9
330,331,Mines ParisTech,France,17,7,1100,1100,824,1100,75.9
331,332,University of St Andrews,United Kingdom,31,811,437,318,197,405,75.9
332,333,Medical University of South Carolina,USA,111,1100,421,333,320,222,75.9
333,334,Jilin University,China,19,551,100,185,462,1100,75.9
334,335,Wuhan University,China,20,383,143,207,458,898,75.8
335,336,Hanyang University,South Korea,7,241,194,276,479,460,75.8
336,337,Nankai University,China,21,354,252,254,468,405,75.8
337,338,University of Southern Denmark,Denmark,4,1100,376,329,280,327,75.8
338,339,University of Turku,Finland,2,1100,355,322,277,363,75.8
339,340,Hong Kong University of Science and Technology,Hong Kong,3,496,354,265,465,254,75.8
340,341,Temple University,USA,112,754,382,321,296,327,75.8
341,342,Hong Kong Polytechnic University,Hong Kong,4,301,238,243,877,304,75.7
342,343,University of Belgrade,Serbia,1,1100,157,370,491,327,75.7
343,344,Northeastern University,USA,113,144,473,360,247,363,75.7
344,345,University of Stuttgart,Germany,28,358,479,441,391,304,75.7
345,346,Dalian University of Technology,China,22,257,176,269,745,405,75.7
346,347,Tianjin University,China,23,172,182,249,677,541,75.7
347,348,Pohang University of Science and Technology,South Korea,8,1100,363,315,352,304,75.7
348,349,University of Genoa,Italy,11,1100,306,327,385,304,75.6
349,350,Hannover Medical School,Germany,29,1100,373,332,226,460,75.6
350,351,Griffith University,Australia,11,1100,361,375,351,240,75.6
351,352,"University at Albany, SUNY",USA,114,920,600,473,411,254,75.6
352,353,University of Giessen,Germany,30,1100,387,356,390,222,75.6
353,354,Drexel University,USA,115,292,444,378,386,187,75.6
354,355,Aalto University,Finland,3,238,340,319,398,363,75.6
355,356,Pompeu Fabra University,Spain,7,1100,559,402,155,405,75.5
356,357,Linköping University,Sweden,8,549,343,330,388,327,75.5
357,358,City University of Hong Kong,Hong Kong,5,1100,262,239,798,327,75.5
358,359,University of the Basque Country,Spain,8,1100,288,296,343,541,75.5
359,360,University of Campinas,Brazil,3,1100,163,307,528,541,75.5
360,361,"Soochow University, China",China,24,1100,226,271,704,405,75.5
361,362,Kansas State University,USA,116,451,448,409,336,254,75.5
362,363,University of Victoria,Canada,17,1100,428,351,365,275,75.4
363,364,Polytechnic University of Milan,Italy,12,458,344,345,628,363,75.4
364,365,University of Oulu,Finland,4,665,446,407,310,275,75.4
365,366,University of Pavia,Italy,13,675,375,361,434,275,75.4
366,367,Southeast University,China,25,1100,175,286,654,541,75.4
367,368,Swedish University of Agricultural Sciences,Sweden,9,1100,430,379,297,363,75.4
368,369,Xiamen University,China,26,177,246,260,471,898,75.4
369,370,University of Ljubljana,Slovenia,1,1100,260,374,415,405,75.3
370,371,Islamic Azad University,Iran,1,1100,66,406,1100,460,75.3
371,372,"UNESP, São Paulo State University",Brazil,4,1100,128,347,639,541,75.3
372,373,University of New Hampshire,USA,117,508,762,612,340,405,75.3
373,374,Medical College of Wisconsin,USA,118,1100,499,387,268,327,75.3
374,375,Aristotle University of Thessaloniki,Greece,2,1100,285,384,670,240,75.3
375,376,University of Vermont,USA,119,459,524,389,301,304,75.3
376,377,Hiroshima University,Japan,13,1100,312,366,311,541,75.2
377,378,National Tsing Hua University,Taiwan,3,1100,316,273,489,460,75.2
378,379,Eindhoven University of Technology,Netherlands,11,759,377,335,526,541,75.2
379,380,University of Marburg,Germany,31,1100,439,364,265,460,75.2
380,381,Jagiellonian University,Poland,2,1100,279,381,380,460,75.2
381,382,Pusan National University,South Korea,9,695,204,343,519,541,75.2
382,383,Beijing Normal University,China,27,1100,277,313,510,541,75.2
383,384,University of Chile,Chile,2,466,319,410,324,898,75.1
384,385,Kyung Hee University,South Korea,10,1100,240,342,561,460,75.1
385,386,Lancaster University,United Kingdom,32,565,456,388,424,254,75.1
386,387,Deakin University,Australia,12,922,397,385,481,254,75.1
387,388,York University,Canada,18,243,468,408,419,275,75.1
388,389,Okayama University,Japan,14,491,381,430,378,363,75.1
389,390,James Cook University,Australia,13,1100,537,453,253,327,75.1
390,391,University of Bath,United Kingdom,33,612,475,392,356,327,75.1
391,392,University of Trieste,Italy,14,918,535,457,315,254,75.0
392,393,"University of Oklahoma, Norman",USA,120,360,460,422,417,275,75.0
393,394,Ben-Gurion University of the Negev,Israel,5,1100,313,303,399,673,75.0
394,395,University of Twente,Netherlands,12,927,422,363,520,275,75.0
395,396,China Agricultural University,China,28,1100,297,340,373,673,75.0
396,397,University of Wollongong,Australia,14,562,410,381,403,363,75.0
397,398,Federal University of Rio Grande do Sul,Brazil,5,1100,230,419,507,460,75.0
398,399,University of Tasmania,Australia,15,1100,459,398,284,460,75.0
399,400,Curtin University,Australia,16,1100,324,338,300,898,74.9
400,401,TU Wien,Austria,4,737,425,413,395,327,74.9
401,402,University of KwaZulu-Natal,South Africa,3,277,400,526,347,327,74.9
402,403,University of Coimbra,Portugal,3,1100,332,395,433,405,74.9
403,404,University of Milano-Bicocca,Italy,15,1100,409,369,375,405,74.9
404,405,University of Louisville,USA,121,877,454,404,437,275,74.9
405,406,Federal University of Minas Gerais,Brazil,6,668,261,416,478,460,74.9
406,407,University of Reading,United Kingdom,34,104,496,394,422,460,74.8
407,408,Kyungpook National University,South Korea,11,793,280,373,682,363,74.8
408,409,University of Rennes 1,France,18,1100,404,350,376,460,74.8
409,410,Technical University of Berlin,Germany,32,479,398,372,492,363,74.8
410,411,University of Saskatchewan,Canada,19,647,338,348,483,460,74.8
411,412,Martin Luther University of Halle-Wittenberg,Germany,33,1100,477,458,358,541,74.8
412,413,Eötvös Loránd University,Hungary,1,1100,629,619,490,405,74.8
413,414,University of Seville,Spain,9,1100,307,325,547,541,74.8
414,415,Polytechnic University of Catalonia,Spain,10,600,349,359,620,405,74.7
415,416,Catholic University of the Sacred Heart,Italy,16,1100,431,440,426,327,74.7
416,417,University of Konstanz,Germany,34,1100,726,518,342,673,74.7
417,418,University of Eastern Finland,Finland,5,1100,440,383,332,541,74.7
418,419,École normale supérieure de Lyon,France,19,1100,646,461,230,673,74.7
419,420,Indian Institute of Science,India,1,573,342,336,718,405,74.7
420,421,King Saud University,Saudi Arabia,2,442,191,435,452,898,74.7
421,422,Scuola Normale Superiore,Italy,17,1100,919,663,551,541,74.7
422,423,University of Bremen,Germany,35,1100,514,472,287,405,74.6
423,424,University of Strathclyde,United Kingdom,35,361,466,424,523,304,74.6
424,425,University of Newcastle,Australia,17,1100,399,367,402,541,74.6
425,426,University of Santiago de Compostela,Spain,11,933,401,411,567,327,74.6
426,427,National Chiao Tung University,Taiwan,4,340,310,290,715,673,74.6
427,428,University of Oregon,USA,122,1100,592,431,298,405,74.6
428,429,Tulane University,USA,123,295,494,405,333,541,74.6
429,430,Rensselaer Polytechnic Institute,USA,124,153,664,504,430,254,74.6
430,431,University of Bari,Italy,18,1100,418,414,346,541,74.5
431,432,Chonnam National University,South Korea,12,1100,317,403,619,405,74.5
432,433,Capital Medical University,China,29,1100,292,429,642,405,74.5
433,434,King Abdullah University of Science and Technology,Saudi Arabia,3,1100,693,451,394,898,74.5
434,435,Rush University,USA,125,1100,607,455,413,240,74.5
435,436,INSEAD,France,20,2,1100,1100,1100,1100,74.5
436,437,Texas Tech University,USA,126,448,423,416,539,363,74.5
437,438,University of Pretoria,South Africa,4,686,416,555,600,460,74.5
438,439,New University of Lisbon,Portugal,4,1100,481,482,592,673,74.4
439,440,University of Oviedo,Spain,12,1100,480,462,425,327,74.4
440,441,Saint Louis University,USA,127,363,613,517,334,363,74.4
441,442,Federal University of São Paulo,Brazil,7,1100,341,508,580,327,74.4
442,443,Vita-Salute San Raffaele University,Italy,19,1100,618,446,255,460,74.4
443,444,University of Ulsan,South Korea,13,641,322,376,473,673,74.4
444,445,University of Siena,Italy,20,1100,506,468,429,304,74.4
445,446,University of La Laguna,Spain,13,1100,571,519,363,275,74.4
446,447,University of Nice Sophia Antipolis,France,21,1100,555,474,278,460,74.4
447,448,Stellenbosch University,South Africa,5,139,428,500,409,541,74.3
448,449,University of Zaragoza,Spain,14,971,351,355,582,541,74.3
449,450,University of Canterbury,New Zealand,3,326,641,615,449,673,74.3
450,451,University of Malaya,Malaysia,1,342,225,397,879,673,74.3
451,452,Cairo University,Egypt,1,1100,378,629,602,541,74.3
452,453,Aalborg University,Denmark,5,813,486,463,470,327,74.3
453,454,University of Bordeaux,France,22,1100,519,437,355,460,74.3
454,455,University of Central Florida,USA,128,1100,463,421,480,405,74.3
455,456,University of Ferrara,Italy,21,1100,539,476,414,327,74.2
456,457,TU Darmstadt,Germany,36,772,464,426,536,405,74.2
457,458,University of Savoy,France,23,1100,636,514,418,240,74.2
458,459,University of Mississippi,USA,129,1100,493,427,405,460,74.2
459,460,Lanzhou University,China,30,1100,274,314,765,898,74.2
460,461,University of Tehran,Iran,2,1100,217,436,1100,1100,74.2
461,462,University of Modena and Reggio Emilia,Italy,22,1100,523,490,506,275,74.2
462,463,University of Zagreb,Croatia,1,1100,296,549,503,460,74.2
463,464,Chalmers University of Technology,Sweden,10,419,408,380,467,673,74.2
464,465,China University of Geosciences,China,31,1100,353,486,534,460,74.1
465,466,Medical University of Innsbruck,Austria,5,1100,616,502,431,275,74.1
466,467,National Yang-Ming University,Taiwan,5,1100,359,346,485,898,74.1
467,468,University of Sherbrooke,Canada,20,1100,575,483,450,304,74.1
468,469,University of Texas Medical Branch,USA,130,1100,637,469,339,405,74.1
469,470,University of Verona,Italy,23,1100,594,539,423,275,74.1
470,471,Mahidol University,Thailand,1,1100,424,460,312,898,74.1
471,472,Polytechnic University of Valencia,Spain,15,1100,374,371,575,673,74.1
472,473,University College Cork,Ireland,3,1100,518,452,447,405,74.1
473,474,University of Hanover,Germany,37,1100,449,454,555,405,74.0
474,475,University of Parma,Italy,24,776,516,481,533,327,74.0
475,476,University of Iceland,Iceland,1,1100,770,597,257,327,74.0
476,477,University of Bayreuth,Germany,38,1100,667,523,362,327,74.0
477,478,West Virginia University,USA,131,260,501,467,487,460,74.0
478,479,University of Trento,Italy,25,1100,565,485,474,405,74.0
479,480,Georgia State University,USA,132,664,554,449,453,405,74.0
480,481,Southern Methodist University,USA,133,27,976,735,605,460,74.0
481,482,Chiba University,Japan,15,1100,415,432,374,898,74.0
482,483,University of Nebraska Medical Center,USA,134,1100,649,509,345,405,73.9
483,484,University of Electronic Science and Technology of China,China,32,720,291,393,952,673,73.9
484,485,Beihang University,China,33,803,232,323,965,1100,73.9
485,486,San Diego State University,USA,135,456,648,511,366,405,73.9
486,487,AgroParisTech,France,24,505,632,484,359,460,73.9
487,488,Chulalongkorn University,Thailand,2,117,435,582,645,460,73.9
488,489,University of Tromsø  The Arctic University of Norway,Norway,4,1100,541,456,387,541,73.9
489,490,University of Tartu,Estonia,1,1100,590,577,272,541,73.9
490,491,University of Alabama - Tuscaloosa,USA,136,246,580,536,531,327,73.9
491,492,Bar-Ilan University,Israel,6,840,512,438,379,673,73.8
492,493,Flinders University,Australia,18,1100,511,476,406,541,73.8
493,494,Saarland University,Germany,39,531,464,420,469,673,73.8
494,495,Clemson University,USA,137,980,492,465,583,405,73.8
495,496,Hunan University,China,34,542,365,400,1100,541,73.8
496,497,East China University of Science and Technology,China,35,1100,300,362,829,898,73.8
497,498,"Open University, UK",United Kingdom,36,1100,788,701,432,541,73.8
498,499,University of Wyoming,USA,138,559,715,561,344,363,73.8
499,500,Lehigh University,USA,139,48,891,695,500,405,73.8
500,501,National Central University,Taiwan,6,1100,451,444,455,673,73.7
501,502,Tilburg University,Netherlands,13,395,760,575,1100,460,73.7
502,503,University of Science and Technology Beijing,China,36,204,333,439,1100,673,73.7
503,504,University of Surrey,United Kingdom,37,475,525,459,545,460,73.7
504,505,Tokyo Medical and Dental University,Japan,16,1100,563,505,369,541,73.7
505,506,Paris Dauphine University,France,25,171,955,677,495,898,73.7
506,507,University of Potsdam,Germany,40,1100,601,489,327,673,73.7
507,508,Brigham Young University,USA,140,829,584,527,440,405,73.7
508,509,University of Palermo,Italy,26,1100,438,494,633,460,73.7
509,510,Chang Gung University,Taiwan,7,1100,314,337,687,1100,73.6
510,511,University of Catania,Italy,27,1100,419,469,771,460,73.6
511,512,Boston College,USA,141,152,813,611,368,363,73.6
512,513,University of Nantes,France,26,1100,568,497,509,405,73.6
513,514,University of Tampere,Finland,6,715,638,528,381,460,73.6
514,515,Beijing Institute of Technology,China,37,1100,309,399,1100,673,73.6
515,516,University of Poitiers,France,27,1100,784,662,609,541,73.6
516,517,Utah State University,USA,142,726,657,579,438,363,73.6
517,518,NUI Galway,Ireland,4,1100,651,565,442,363,73.6
518,519,Tata Institute of Fundamental Research,India,2,1100,699,534,444,363,73.6
519,520,University of Burgundy,France,28,1100,566,498,504,460,73.5
520,521,National Chung Hsing University,Taiwan,8,333,467,478,741,541,73.5
521,522,University of Minho,Portugal,5,1100,507,542,696,363,73.5
522,523,University of Hull,United Kingdom,38,223,754,631,573,898,73.5
523,524,"St George's, University of London",United Kingdom,39,1100,825,633,407,254,73.5
524,525,Hacettepe University,Turkey,1,1100,390,684,521,460,73.5
525,526,Loyola University Chicago,USA,143,819,744,608,404,327,73.5
526,527,Oklahoma State University,USA,144,399,502,487,754,460,73.5
527,528,Colorado School of Mines,USA,145,61,880,717,549,405,73.5
528,529,Swansea University,United Kingdom,40,1100,639,533,427,460,73.4
529,530,National Polytechnic Institute of Toulouse,France,29,206,567,499,700,460,73.4
530,531,Massey University,New Zealand,4,967,573,593,482,405,73.4
531,532,Florida International University,USA,146,1100,538,492,544,541,73.4
532,533,East China Normal University,China,38,522,383,386,626,1100,73.4
533,534,La Trobe University,Australia,19,1100,529,491,392,898,73.4
534,535,Chongqing University,China,39,597,302,423,1100,898,73.4
535,536,Shanghai University,China,40,989,357,443,1100,673,73.4
536,537,University of Plymouth,United Kingdom,41,1100,695,563,477,363,73.4
537,538,Ewha Womans University,South Korea,14,1100,487,463,588,673,73.4
538,539,Technical University of Dortmund,Germany,41,1100,588,512,560,460,73.3
539,540,"Royal Holloway, University of London",United Kingdom,42,926,836,648,397,304,73.3
540,541,Saint Petersburg State University,Russia,2,452,402,601,557,898,73.3
541,542,Bielefeld University,Germany,42,1100,652,537,408,541,73.3
542,543,Northwestern Polytechnical University,China,41,682,326,425,1100,898,73.3
543,544,Konkuk University,South Korea,15,854,384,515,799,673,73.3
544,545,National University of La Plata,Argentina,2,1100,474,555,598,541,73.3
545,546,Auburn University,USA,147,267,491,521,622,673,73.3
546,547,Tehran University of Medical Sciences,Iran,3,1100,283,739,635,673,73.3
547,548,"China Medical University, Taiwan",Taiwan,9,1100,395,389,647,1100,73.3
548,549,Nanjing Agricultural University,China,42,1100,450,480,713,673,73.2
549,550,"University of Maine, Orono",USA,148,1100,1100,865,502,460,73.2
550,551,University of Aveiro,Portugal,6,1100,413,433,821,898,73.2
551,552,Catholic University of Korea,South Korea,16,1100,394,541,749,673,73.2
552,553,University of Salamanca,Spain,16,959,621,588,494,460,73.2
553,554,Second Military Medical University,China,43,1100,477,522,612,673,73.2
554,555,Syracuse University,USA,149,279,678,524,548,541,73.2
555,556,Moscow Institute of Physics and Technology,Russia,3,636,734,820,688,673,73.2
556,557,Carleton University,Canada,21,1100,548,532,881,405,73.2
557,558,University of Texas at Arlington,USA,150,1100,660,548,607,405,73.2
558,559,National Polytechnic Institute,Mexico,2,1100,405,614,611,673,73.1
559,560,Istanbul University,Turkey,2,1100,364,758,513,673,73.1
560,561,Kanazawa University,Japan,17,639,533,558,501,673,73.1
561,562,University of Technology Sydney,Australia,20,1100,503,445,614,898,73.1
562,563,University of Alaska Fairbanks,USA,151,646,819,691,393,363,73.1
563,564,Western Sydney University,Australia,21,1100,635,547,428,673,73.1
564,565,"Birkbeck, University of London",United Kingdom,43,1100,1100,767,364,673,73.1
565,566,"University of Science, Malaysia",Malaysia,2,1100,391,625,959,541,73.1
566,567,University of Arkansas - Fayetteville,USA,152,463,624,610,784,363,73.1
567,568,Baylor University,USA,153,398,787,628,512,363,73.1
568,569,University of Oklahoma Health Sciences Center,USA,154,1100,758,574,439,460,73.0
569,570,University of South Australia,Australia,22,492,564,538,673,541,73.0
570,571,Masaryk University,Czech Republic,2,1100,500,590,435,898,73.0
571,572,University of WisconsinMilwaukee,USA,155,422,647,546,466,673,73.0
572,573,Polytechnic University of Madrid,Spain,17,547,414,448,657,1100,73.0
573,574,University of Rostock,Germany,43,1100,485,496,597,898,73.0
574,575,Victoria University of Wellington,New Zealand,5,629,702,606,421,541,73.0
575,576,Warsaw University of Technology,Poland,3,1100,570,717,833,304,73.0
576,577,Nanjing Medical University,China,44,1100,368,479,692,1100,73.0
577,578,Montana State University - Bozeman,USA,156,1100,835,651,354,460,73.0
578,579,Memorial University of Newfoundland,Canada,22,836,662,594,552,460,73.0
579,580,Chonbuk National University,South Korea,17,1100,389,507,875,898,72.9
580,581,Tokyo Metropolitan University,Japan,18,887,772,708,540,304,72.9
581,582,College of William & Mary,USA,157,97,887,715,581,405,72.9
582,583,Braunschweig University of Technology,Germany,44,1100,670,622,382,673,72.9
583,584,University of Québec at Montreal,Canada,23,936,656,540,559,541,72.9
584,585,CINVESTAV,Mexico,3,1100,552,599,498,673,72.9
585,586,CentraleSupélec,France,30,42,892,724,1100,673,72.9
586,587,Nanjing University of Science and Technology,China,45,694,457,559,1100,541,72.9
587,588,Huazhong Agricultural University,China,46,1100,513,525,535,898,72.9
588,589,HEC Paris,France,31,6,1100,1100,1100,1100,72.9
589,590,Zhengzhou University,China,47,1100,346,513,757,1100,72.8
590,591,SUNY Downstate Medical Center,USA,158,1100,1100,872,499,460,72.8
591,592,Sharif University of Technology,Iran,4,1100,432,567,1100,541,72.8
592,593,National Sun Yat-sen University,Taiwan,10,1100,508,529,995,541,72.8
593,594,University of Clermont Auvergne,France,32,1100,747,586,568,541,72.8
594,595,Novosibirsk State University,Russia,4,1100,509,652,663,541,72.8
595,596,Middle East Technical University,Turkey,3,328,504,634,1100,460,72.8
596,597,Yokohama City University,Japan,19,218,790,745,372,541,72.8
597,598,Beijing University of Chemical Technology,China,48,1100,462,475,1100,673,72.8
598,599,"University of Nevada, Reno",USA,159,965,727,613,516,460,72.8
599,600,Otto von Guericke University Magdeburg,Germany,45,1100,640,550,625,541,72.8
600,601,Kitasato University,Japan,20,1100,759,810,750,898,72.7
601,602,University of Montana - Missoula,USA,160,1100,982,761,361,327,72.7
602,603,University of Jyväskylä,Finland,7,1100,593,510,518,898,72.7
603,604,University of Arkansas for Medical Sciences,USA,161,1100,732,569,589,460,72.7
604,605,University of Crete,Greece,3,1100,698,576,530,541,72.7
605,606,University of Lübeck,Germany,46,1100,884,659,335,541,72.7
606,607,Chungnam National University,South Korea,18,1100,403,494,712,1100,72.7
607,608,Chung-Ang University,South Korea,19,1100,441,545,1100,673,72.7
608,609,Inha University,South Korea,20,670,434,592,1100,673,72.7
609,610,Palacký University Olomouc,Czech Republic,3,1100,690,713,563,405,72.7
610,611,University of Salerno,Italy,28,1100,610,557,737,541,72.7
611,612,Loughborough University,United Kingdom,44,1100,520,562,1100,541,72.6
612,613,Medical University of Graz,Austria,6,1100,671,530,446,898,72.6
613,614,Polytechnic University of Turin,Italy,29,816,484,493,919,898,72.6
614,615,Indian Institute of Technology Bombay,India,3,809,531,516,1100,673,72.6
615,616,Ege University,Turkey,4,1100,472,863,979,363,72.6
616,617,Shinshu University,Japan,21,1100,631,682,716,405,72.6
617,618,Niigata University,Japan,22,621,615,655,488,673,72.6
618,619,University of Kent,United Kingdom,45,784,706,616,443,673,72.6
619,620,University of Haifa,Israel,7,935,619,559,476,898,72.6
620,621,University of Cantabria,Spain,18,1100,776,664,608,363,72.6
621,622,University of Cagliari,Italy,30,1100,603,553,651,673,72.6
622,623,University of Tennessee Health Science Center,USA,162,1100,751,580,371,898,72.5
623,624,Kangwon National University,South Korea,21,1100,555,675,812,460,72.5
624,625,Ankara University,Turkey,5,775,455,829,666,541,72.5
625,626,Southern Medical University,China,49,1100,515,602,770,673,72.5
626,627,National Technical University of Athens,Greece,4,817,551,585,1100,460,72.5
627,628,Kumamoto University,Japan,23,638,611,564,522,898,72.5
628,629,Nagasaki University,Japan,24,247,666,692,766,460,72.5
629,630,University of Udine,Italy,31,1100,752,653,410,673,72.5
630,631,University of Greifswald,Germany,47,1100,755,687,511,460,72.5
631,632,Fourth Military Medical University,China,50,1100,510,566,669,898,72.5
632,633,AGH University of Science and Technology,Poland,4,719,494,700,908,541,72.5
633,634,RMIT University,Australia,23,1100,544,542,1100,673,72.4
634,635,China University of Petroleum,China,51,712,411,578,1100,898,72.4
635,636,Nanjing University of Aeronautics and Astronautics,China,52,1100,469,552,1100,673,72.4
636,637,École nationale d'administration,France,33,4,1100,1100,1100,1100,72.4
637,638,Mississippi State University,USA,163,412,622,654,601,673,72.4
638,639,"University of Maryland, Baltimore County",USA,164,1100,894,658,389,541,72.4
639,640,University of Murcia,Spain,19,1100,557,568,847,673,72.4
640,641,Augusta University,USA,165,1100,779,572,475,673,72.4
641,642,Isfahan University of Technology,Iran,5,1100,542,716,1100,405,72.4
642,643,Swinburne University of Technology,Australia,24,1100,822,632,460,541,72.4
643,644,Stockholm School of Economics,Sweden,11,21,1100,1100,830,673,72.4
644,645,Northwest A&F University,China,53,1100,452,501,828,1100,72.3
645,646,Wuhan University of Technology,China,54,1100,558,571,1100,541,72.3
646,647,University of Graz,Austria,7,1100,729,626,569,673,72.3
647,648,Istanbul Technical University,Turkey,6,785,587,711,1100,405,72.3
648,649,University of Texas at San Antonio,USA,166,1100,738,621,486,673,72.3
649,650,International School for Advanced Studies,Italy,32,1100,942,753,493,327,72.3
650,651,Indian Institute of Technology Madras,India,4,189,534,551,1100,898,72.3
651,652,ESPCI Paris,France,34,1100,1100,741,401,673,72.3
652,653,University of Navarra,Spain,20,99,677,589,701,1100,72.3
653,654,Taipei Medical University,Taiwan,11,1100,498,466,852,1100,72.3
654,655,Kaohsiung Medical University,Taiwan,12,1100,522,531,903,898,72.3
655,656,École normale supérieure Paris-Saclay,France,35,198,1100,959,835,541,72.3
656,657,Southwest University,China,55,1100,497,520,1100,898,72.2
657,658,Semmelweis University,Hungary,2,1100,681,669,412,898,72.2
658,659,Rio de Janeiro State University,Brazil,8,1100,582,667,624,673,72.2
659,660,Gwangju Institute of Science and Technology,South Korea,22,1100,781,637,648,460,72.2
660,661,University of Calabria,Italy,33,1100,669,630,1100,460,72.2
661,662,"University of Córdoba, Spain",Spain,21,1100,686,623,961,460,72.2
662,663,University of Campania Luigi Vanvitelli,Italy,34,1100,609,595,761,673,72.2
663,664,Rovira i Virgili University,Spain,22,1100,668,535,603,898,72.2
664,665,University of Idaho,USA,167,1100,818,698,524,460,72.2
665,666,University of Louisiana at Lafayette,USA,168,1100,984,768,538,304,72.2
666,667,Czech Technical University in Prague,Czech Republic,4,1100,673,679,789,460,72.2
667,668,University of Franche-Comté,France,36,1100,701,641,705,541,72.1
668,669,Rutgers UniversityNewark,USA,169,1100,1100,775,527,1100,72.1
669,670,University of Patras,Greece,5,1100,545,596,1100,673,72.1
670,671,Indian Institute of Technology Delhi,India,5,95,549,634,1100,1100,72.1
671,672,Fuzhou University,China,56,797,694,649,1100,363,72.1
672,673,Comenius University in Bratislava,Slovak Republic,1,1100,602,762,691,541,72.1
673,674,Brunel University London,United Kingdom,46,540,654,584,850,673,72.1
674,675,Osaka City University,Japan,25,591,689,673,786,541,72.1
675,676,Indian Institute of Technology Kharagpur,India,6,435,433,503,1100,1100,72.1
676,677,University of Akron,USA,170,734,848,720,733,363,72.1
677,678,Kindai University,Japan,26,1100,713,772,778,405,72.1
678,679,Gazi University,Turkey,7,1100,443,854,1100,541,72.1
679,680,Jiangnan University,China,57,1100,476,607,1100,898,72.0
680,681,University of Rhode Island,USA,171,487,907,738,441,541,72.0
681,682,"University of North Texas, Denton",USA,172,986,745,699,730,460,72.0
682,683,University of Málaga,Spain,23,1100,628,600,922,673,72.0
683,684,INSA Lyon,France,37,1100,661,587,888,673,72.0
684,685,Shenzhen University,China,58,783,665,627,785,673,72.0
685,686,University of Eastern Piedmont,Italy,35,1100,851,706,674,405,72.0
686,687,Kent State University,USA,173,1100,789,697,472,673,72.0
687,688,Army Medical University,China,59,1100,599,639,653,898,72.0
688,689,Amirkabir University of Technology,Iran,6,1100,396,659,1100,898,72.0
689,690,Gyeongsang National University,South Korea,23,1100,572,670,865,673,72.0
690,691,Jinan University,China,60,603,517,597,679,1100,72.0
691,692,"Northwest University, China",China,61,1100,691,813,1100,363,71.9
692,693,Central China Normal University,China,62,1100,716,647,864,541,71.9
693,694,Federal University of Santa Catarina,Brazil,9,1100,453,603,884,1100,71.9
694,695,Liverpool John Moores University,United Kingdom,47,1100,885,693,420,673,71.9
695,696,University of Debrecen,Hungary,3,1100,696,755,655,541,71.9
696,697,Ocean University of China,China,63,1100,483,573,876,1100,71.9
697,698,Nihon University,Japan,27,1100,547,733,630,898,71.9
698,699,Roma Tre University,Italy,36,1100,748,671,711,541,71.9
699,700,Ajou University,South Korea,24,993,562,640,804,898,71.9
700,701,Juntendo University,Japan,28,1100,746,686,570,673,71.9
701,702,Tianjin Medical University,China,64,1100,612,676,843,673,71.9
702,703,University of Brescia,Italy,37,1100,705,624,584,898,71.9
703,704,University of Castilla-La Mancha,Spain,24,1100,581,554,1100,898,71.8
704,705,Donghua University,China,65,1100,626,704,1100,460,71.8
705,706,City College of New York,USA,174,411,1100,788,496,673,71.8
706,707,"Northeastern University, China",China,66,515,420,581,1100,1100,71.8
707,708,University of Girona,Spain,25,1100,742,618,1100,541,71.8
708,709,Federal University of Paraná,Brazil,10,1100,436,657,872,1100,71.8
709,710,University of Portsmouth,United Kingdom,48,1100,943,796,775,304,71.8
710,711,University of Fribourg,Switzerland,8,374,945,713,515,541,71.8
711,712,University of Ioannina,Greece,6,1100,741,671,808,541,71.8
712,713,Norwegian University of Life Sciences,Norway,5,1100,737,649,564,898,71.8
713,714,Keele University,United Kingdom,49,1100,889,710,562,541,71.8
714,715,Ain Shams University,Egypt,2,1100,606,870,779,541,71.8
715,716,"Paul Valéry University, Montpellier III",France,38,1100,1100,889,576,275,71.8
716,717,Carl von Ossietzky University of Oldenburg,Germany,48,1100,865,742,550,541,71.7
717,718,Graz University of Technology,Austria,8,1100,780,708,957,460,71.7
718,719,Concordia University,Canada,24,268,605,544,1100,1100,71.7
719,720,Graduate University for Advanced Studies,Japan,29,1100,910,685,313,1100,71.7
720,721,Nanjing Tech University,China,67,1100,576,582,1100,898,71.7
721,722,Xidian University,China,68,1100,447,570,1100,1100,71.7
722,723,Tokyo University of Science,Japan,30,1100,597,620,636,1100,71.7
723,724,Jiangsu University,China,69,1100,458,604,1100,1100,71.7
724,725,"University of the Republic, Uruguay",Uruguay,1,1100,808,836,615,460,71.7
725,726,University of Delhi,India,7,146,569,724,839,1100,71.7
726,727,Northern Illinois University,USA,175,561,950,795,840,327,71.7
727,728,University of Angers,France,39,1100,799,696,595,673,71.7
728,729,University of MissouriKansas City,USA,176,624,840,681,459,898,71.6
729,730,Örebro University,Sweden,12,882,961,827,623,363,71.6
730,731,University of Vigo,Spain,26,1100,617,591,1100,898,71.6
731,732,"All India Institute of Medical Sciences, Delhi",India,8,1100,720,934,542,541,71.6
732,733,National Research Nuclear University MEPhI,Russia,5,1100,771,881,656,460,71.6
733,734,University of Salento,Italy,38,1100,805,753,832,460,71.6
734,735,South China Normal University,China,70,976,595,604,1100,898,71.6
735,736,École pratique des hautes études,France,40,1100,1100,936,594,363,71.6
736,737,University of Brasília,Brazil,11,921,561,799,680,898,71.6
737,738,Bangor University,United Kingdom,50,824,866,656,613,673,71.6
738,739,Federal University of Viçosa,Brazil,12,1100,540,930,1100,541,71.6
739,740,Bo?aziçi University,Turkey,8,681,898,825,866,363,71.6
740,741,Adam Mickiewicz University in Pozna?,Poland,5,1100,591,683,972,898,71.6
741,742,"Putra University, Malaysia",Malaysia,3,1100,406,705,1100,1100,71.5
742,743,Southern Illinois University Carbondale,USA,177,1100,763,665,599,898,71.5
743,744,Hong Kong Baptist University,Hong Kong,6,1100,724,644,1100,673,71.5
744,745,Nanjing Normal University,China,71,1100,682,674,735,898,71.5
745,746,"University of Nevada, Las Vegas",USA,178,1100,796,687,546,898,71.5
746,747,Ehime University,Japan,31,909,750,703,596,898,71.5
747,748,Vilnius University,Lithuania,1,1100,676,815,721,673,71.5
748,749,University of Messina,Italy,39,1100,586,678,1100,898,71.5
749,750,Illinois Institute of Technology,USA,179,110,1100,821,860,541,71.5
750,751,Miami University,USA,180,119,965,822,810,541,71.5
751,752,University Paris-Est Créteil,France,41,818,904,734,662,541,71.5
752,753,"University of Natural Resources and Life Sciences, Vienna",Austria,9,1100,811,803,683,541,71.5
753,754,National University of Defense Technology,China,72,1100,490,645,1100,1100,71.5
754,755,Jean Monnet University,France,42,1100,753,646,529,1100,71.4
755,756,Tarbiat Modares University,Iran,7,1100,417,723,1100,1100,71.4
756,757,Old Dominion University,USA,181,1100,859,791,644,541,71.4
757,758,University of Szeged,Hungary,4,1100,684,742,826,898,71.4
758,759,University of Texas Rio Grande Valley,USA,182,1100,1100,854,604,405,71.4
759,760,Iran University of Science and Technology,Iran,8,1100,546,785,1100,673,71.4
760,761,Jadavpur University,India,9,1100,659,841,1100,460,71.4
761,762,National University of Córdoba,Argentina,3,1100,740,757,795,673,71.4
762,763,Harbin Medical University,China,73,1100,585,724,1100,898,71.4
763,764,Heriot-Watt University,United Kingdom,51,517,733,642,606,1100,71.4
764,765,University of Toledo,USA,183,1100,791,668,629,898,71.4
765,766,National University of Colombia,Colombia,1,766,633,874,618,898,71.4
766,767,University of Alicante,Spain,27,1100,700,719,1100,673,71.4
767,768,University of Essex,United Kingdom,52,637,925,730,746,541,71.3
768,769,University of L'Aquila,Italy,40,1100,809,756,873,541,71.3
769,770,New Mexico State University,USA,184,904,897,773,649,541,71.3
770,771,Makerere University,Uganda,1,1100,981,779,456,673,71.3
771,772,University of Split,Croatia,2,1100,997,1100,454,405,71.3
772,773,University of North Carolina at Charlotte,USA,185,532,855,789,758,541,71.3
773,774,Banaras Hindu University,India,10,606,543,781,1100,898,71.3
774,775,Ulsan National Institute of Science and Technology,South Korea,25,1100,925,642,731,673,71.3
775,776,University of Wroc?aw,Poland,6,1100,708,750,1100,673,71.3
776,777,University of Stirling,United Kingdom,53,601,969,783,728,460,71.3
777,778,Nanchang University,China,74,1100,589,707,1100,898,71.3
778,779,University of Hohenheim,Germany,49,1100,877,793,694,541,71.3
779,780,École des ponts ParisTech,France,43,26,1100,1100,1100,1100,71.3
780,781,Jawaharlal Nehru Centre for Advanced Scientific Research,India,11,1100,1100,956,921,673,71.2
781,782,University of Kaiserslautern,Germany,50,997,911,786,660,541,71.2
782,783,American University of Beirut,Lebanon,1,176,899,862,698,673,71.2
783,784,King Fahd University of Petroleum and Minerals,Saudi Arabia,4,122,743,899,1100,673,71.2
784,785,"China Medical University, PRC",China,75,1100,526,736,904,1100,71.2
785,786,Paris 13 University,France,44,1100,830,712,807,673,71.2
786,787,Tampere University of Technology,Finland,8,318,905,859,707,541,71.2
787,788,Tokyo University of Agriculture and Technology,Japan,32,1100,720,759,1100,673,71.2
788,789,Bilkent University,Turkey,9,856,967,798,763,460,71.2
789,790,University of Johannesburg,South Africa,6,1100,785,896,781,541,71.2
790,791,University of Concepción,Chile,3,1100,687,746,586,1100,71.2
791,792,China University of Mining and Technology,China,76,890,532,797,1100,898,71.2
792,793,Chiang Mai University,Thailand,3,1100,718,877,793,673,71.2
793,794,Yeungnam University,South Korea,26,467,530,693,1100,1100,71.2
794,795,Marche Polytechnic University,Italy,41,1100,775,732,722,898,71.1
795,796,National Taiwan University of Science and Technology,Taiwan,13,1100,577,616,1100,1100,71.1
796,797,Tokushima University,Japan,33,1100,736,764,578,1100,71.1
797,798,Indian Institute of Technology Kanpur,India,12,707,625,609,1100,1100,71.1
798,799,Quaid-i-Azam University,Pakistan,1,1100,643,924,1100,541,71.1
799,800,Northeast Normal University,China,77,1100,663,638,913,1100,71.1
800,801,Ryerson University,Canada,25,1100,783,752,1100,541,71.1
801,802,Babe?-Bolyai University,Romania,1,1100,645,909,989,673,71.1
802,803,Ohio University,USA,186,353,809,680,591,1100,71.1
803,804,Wenzhou Medical University,China,78,1100,650,744,1100,898,71.1
804,805,University of Tours,France,45,1100,797,689,541,1100,71.1
805,806,"University of the Andes, Colombia",Colombia,2,410,1100,897,543,541,71.1
806,807,Panjab University,India,13,566,774,811,897,673,71.1
807,808,University of Alcalá,Spain,28,1100,812,740,650,898,71.0
808,809,University of Hertfordshire,United Kingdom,54,1100,1100,823,514,541,71.0
809,810,Dankook University,South Korea,27,1100,734,900,1100,460,71.0
810,811,Chungbuk National University,South Korea,28,1100,633,777,1100,898,71.0
811,812,University of Sassari,Italy,42,1100,873,802,665,673,71.0
812,813,Toho University,Japan,34,1100,980,962,1100,673,71.0
813,814,Federal University of Ceará,Brazil,13,1100,614,838,981,898,71.0
814,815,Portland State University,USA,187,335,934,817,652,673,71.0
815,816,Gunma University,Japan,35,1100,794,769,678,898,71.0
816,817,Polytechnic University of Bucharest,Romania,2,1100,596,993,1100,541,71.0
817,818,Yokohama National University,Japan,36,329,1100,1100,1100,673,71.0
818,819,Zhejiang University of Technology,China,79,1100,630,727,1100,898,71.0
819,820,University of the Balearic Islands,Spain,29,1100,841,729,709,898,71.0
820,821,Cranfield University,United Kingdom,55,134,882,847,1100,673,71.0
821,822,Polytechnic University of Bari,Italy,43,1100,1100,946,556,405,70.9
822,823,Budapest University of Technology and Economics,Hungary,5,1100,767,843,905,673,70.9
823,824,South China Agricultural University,China,80,1100,723,749,997,898,70.9
824,825,University of Orléans,France,46,1100,876,765,448,1100,70.9
825,826,"National University of Malaysia, UKM",Malaysia,4,1100,527,846,917,1100,70.9
826,827,University of Bucharest,Romania,3,1100,674,925,1100,673,70.9
827,828,Carlos III University of Madrid,Spain,30,1100,739,661,1100,898,70.9
828,829,Uniformed Services University of the Health Sciences,USA,188,1100,869,690,525,1100,70.9
829,830,University of Denver,USA,189,160,1100,900,554,673,70.9
830,831,Beijing University of Technology,China,81,1100,578,666,1100,1100,70.9
831,832,University of Insubria,Italy,44,1100,902,779,579,898,70.9
832,833,Sejong University,South Korea,29,1100,816,791,969,673,70.9
833,834,Medical University of Warsaw,Poland,7,1100,829,1100,805,673,70.9
834,835,East Carolina University,USA,190,704,842,763,710,898,70.9
835,836,Beijing Jiaotong University,China,82,1100,553,721,1100,1100,70.8
836,837,China Europe International Business School,China,83,10,1100,1100,1100,1100,70.8
837,838,Tokyo Women's Medical University,Japan,37,1100,874,892,646,673,70.8
838,839,University of Wuppertal,Germany,51,1100,998,844,906,460,70.8
839,840,Federal University of Pernambuco,Brazil,14,1100,549,774,1100,1100,70.8
840,841,University of Hyogo,Japan,38,1100,1100,1100,553,1100,70.8
841,842,University of Regina,Canada,26,1100,1100,935,748,405,70.8
842,843,Binghamton University,USA,191,388,964,748,658,898,70.8
843,844,Wroc?aw University of Science and Technology,Poland,8,934,620,830,1100,898,70.8
844,845,University of Toyama,Japan,39,444,776,778,1100,898,70.8
845,846,National Taiwan Normal University,Taiwan,14,1100,848,765,1100,673,70.8
846,847,Federal University of São Carlos,Brazil,15,1100,583,760,1100,1100,70.8
847,848,Metropolitan Autonomous University,Mexico,4,1100,730,980,869,673,70.8
848,849,University of Western Brittany,France,47,1100,857,722,585,1100,70.8
849,850,Tokai University,Japan,40,1100,792,851,739,898,70.7
850,851,Harbin Engineering University,China,84,1100,764,809,1100,673,70.7
851,852,Gachon University,South Korea,30,1100,749,799,1100,898,70.7
852,853,Meijo University,Japan,41,1100,1100,1100,1100,898,70.7
853,854,Federico Santa María Technical University,Chile,4,1100,1100,1100,1100,222,70.7
854,855,Michigan Technological University,USA,192,1100,938,839,742,673,70.7
855,856,École des hautes études en sciences sociales,France,48,1100,1100,1100,896,1100,70.7
856,857,Shiraz University,Iran,9,1100,604,894,1100,898,70.7
857,858,Indian Institute of Technology Roorkee,India,14,362,683,861,1100,898,70.7
858,859,Nara Institute of Science and Technology,Japan,42,1100,1100,895,400,898,70.7
859,860,New Jersey Institute of Technology,USA,193,736,1100,882,720,541,70.7
860,861,University of Picardie Jules Verne,France,49,1100,1100,902,760,460,70.7
861,862,Creighton University,USA,194,1100,1100,922,616,460,70.7
862,863,Åbo Akademi University,Finland,9,1100,970,833,762,673,70.7
863,864,Miguel Hernández University of Elche,Spain,31,1100,900,794,740,898,70.7
864,865,Jichi Medical University,Japan,43,1100,988,1100,631,541,70.6
865,866,University of Siegen,Germany,52,1100,1100,927,934,405,70.6
866,867,University of Extremadura,Spain,32,1100,826,856,1100,673,70.6
867,868,Nagoya City University,Japan,44,592,989,906,675,673,70.6
868,869,University of Valladolid,Spain,33,1100,725,728,1100,1100,70.6
869,870,Murdoch University,Australia,25,879,856,814,565,1100,70.6
870,871,Wesleyan University,USA,195,49,1100,1100,671,898,70.6
871,872,Ferdowsi University of Mashhad,Iran,10,1100,627,965,1100,898,70.6
872,873,North China Electric Power University,China,85,488,756,808,1100,898,70.6
873,874,Erciyes University,Turkey,10,1100,703,1100,1100,541,70.6
874,875,Chung Shan Medical University,Taiwan,15,1100,827,781,1100,898,70.6
875,876,Hefei University of Technology,China,86,692,704,702,1100,1100,70.6
876,877,China Pharmaceutical University,China,87,1100,688,737,1100,1100,70.6
877,878,Dongguk University,South Korea,31,556,685,775,1100,1100,70.6
878,879,"University of California, Merced",USA,196,1100,1100,868,505,673,70.5
879,880,Shanxi University,China,88,1100,833,770,1100,898,70.5
880,881,Sofia University,Bulgaria,1,1100,824,964,962,673,70.5
881,882,Kagoshima University,Japan,45,648,757,824,791,1100,70.5
882,883,Jawaharlal Nehru University,India,15,1100,1100,1100,1100,1100,70.5
883,884,Mansoura University,Egypt,3,1100,731,942,971,898,70.5
884,885,Northern Arizona University,USA,197,1100,1100,978,517,541,70.5
885,886,Federal University of Pelotas,Brazil,16,1100,843,1100,820,673,70.5
886,887,Shizuoka University,Japan,46,1100,998,1100,956,1100,70.5
887,888,Inje University,South Korea,32,1100,658,851,1100,1100,70.5
888,889,Fluminense Federal University,Brazil,17,857,653,818,1100,1100,70.5
889,890,Chongqing Medical University,China,89,1100,672,826,1100,1100,70.5
890,891,"City, University of London",United Kingdom,56,309,912,784,1100,898,70.5
891,892,Federal University of Goiás,Brazil,18,1100,782,997,1100,673,70.5
892,893,Royal Veterinary College,United Kingdom,57,1100,1100,910,587,673,70.5
893,894,Beijing University of Posts and Telecommunications,China,90,502,623,842,1100,1100,70.4
894,895,Yangzhou University,China,91,1100,697,789,1100,1100,70.4
895,896,Gifu University,Japan,47,862,717,812,1100,1100,70.4
896,897,University of Veterinary Medicine Vienna,Austria,10,1100,986,863,643,898,70.4
897,898,Yamagata University,Japan,48,1100,850,887,863,898,70.4
898,899,University of Silesia in Katowice,Poland,9,1100,806,955,1100,673,70.4
899,900,University of Jaén,Spain,34,1100,1000,969,1100,460,70.4
900,901,Yamaguchi University,Japan,49,1100,834,877,993,898,70.4
901,902,Shaanxi Normal University,China,92,1100,712,751,1100,1100,70.4
902,903,Alexandria University,Egypt,4,1100,768,923,1100,898,70.4
903,904,University of Mons,Belgium,8,1100,1100,876,773,673,70.4
904,905,University of Cyprus,Cyprus,1,1100,979,845,1100,673,70.4
905,906,Gabriele dAnnunzio University,Italy,45,1100,802,770,942,1100,70.4
906,907,Hitotsubashi University,Japan,50,16,1100,1100,1100,1100,70.4
907,908,Tunis El Manar University,Tunisia,1,1100,641,946,1100,1100,70.4
908,909,Southwest Jiaotong University,China,93,801,680,805,1100,1100,70.3
909,910,Ulster University,United Kingdom,58,1100,893,807,1100,898,70.3
910,911,Renmin University of China,China,94,133,915,869,1100,1100,70.3
911,912,Florida Institute of Technology,USA,198,545,1100,1100,925,327,70.3
912,913,Kyoto Prefectural University of Medicine,Japan,51,1100,1100,961,887,541,70.3
913,914,Anhui Medical University,China,95,1100,814,905,1100,898,70.3
914,915,"University of Technology, Malaysia",Malaysia,5,1100,608,879,1100,1100,70.3
915,916,Hallym University,South Korea,33,1100,709,834,1100,1100,70.3
916,917,COMSATS Institute of Information Technology,Pakistan,2,1100,714,945,1100,898,70.3
917,918,Toulouse 1 Capitole University,France,50,1100,1100,1100,1100,898,70.3
918,919,Indian Institute of Management Ahmedabad,India,16,14,1100,1100,1100,1100,70.3
919,920,Aberystwyth University,United Kingdom,59,888,1100,907,732,673,70.3
920,921,University of Jinan,China,96,1100,728,787,1100,1100,70.3
921,922,North Dakota State University,USA,199,1100,909,834,1100,898,70.3
922,923,University Paris 1 Panthéon-Sorbonne,France,51,518,1100,1100,1100,1100,70.3
923,924,Rouen Normandy University,France,52,1100,896,747,838,1100,70.2
924,925,University of Cádiz,Spain,35,1100,944,888,1100,673,70.2
925,926,Ritsumeikan University,Japan,52,594,1100,976,1100,541,70.2
926,927,Federal University of Santa Maria,Brazil,19,773,578,937,1100,1100,70.2
927,928,University of New Brunswick,Canada,27,741,890,848,1100,898,70.2
928,929,University of Caen Normandy,France,53,1100,906,730,916,1100,70.2
929,930,University of South Bohemia in ?eské Bud?jovice,Czech Republic,5,1100,971,995,590,898,70.2
930,931,Osaka Prefecture University,Japan,53,580,804,804,1100,1100,70.2
931,932,Çukurova University,Turkey,11,1100,800,1100,955,673,70.2
932,933,Paris Nanterre University,France,54,632,1100,1100,1100,1100,70.2
933,934,University of Alabama in Huntsville,USA,200,1100,1100,1100,461,673,70.2
934,935,Rochester Institute of Technology,USA,201,944,1100,975,689,541,70.2
935,936,Dublin City University,Ireland,5,914,968,875,1100,673,70.2
936,937,University of Hasselt,Belgium,9,534,973,806,1100,898,70.2
937,938,Dokuz Eylül University,Turkey,12,1100,707,1100,1100,898,70.2
938,939,University of Massachusetts Boston,USA,202,1100,1100,850,672,898,70.1
939,940,Jaume I University,Spain,36,1100,922,801,1100,898,70.1
940,941,Nanjing University of Information Science and Technology,China,97,1100,766,883,1100,1100,70.1
941,942,Télécom ParisTech,France,55,47,1100,1100,1100,541,70.1
942,943,San Francisco State University,USA,203,1100,1100,974,703,898,70.1
943,944,Zhejiang Normal University,China,98,1100,852,857,1100,898,70.1
944,945,Guangxi University,China,99,1100,844,860,1100,898,70.1
945,946,Jacobs University Bremen,Germany,53,1100,1100,969,817,460,70.1
946,947,Howard University,USA,204,1100,1100,1100,744,541,70.1
947,948,University of Pécs,Hungary,6,1100,1100,1100,992,541,70.1
948,949,University of Limerick,Ireland,6,863,927,867,1100,898,70.1
949,950,Tottori University,Japan,54,616,932,1100,984,673,70.1
950,951,Sciences Po,France,56,60,1100,1100,1100,898,70.1
951,952,University of Windsor,Canada,28,167,933,849,1100,1100,70.1
952,953,Mie University,Japan,55,1100,929,966,1100,673,70.1
953,954,Nicolaus Copernicus University in Toru?,Poland,10,1100,778,953,796,1100,70.1
954,955,Hohai University,China,100,1100,679,892,1100,1100,70.0
955,956,King Juan Carlos University,Spain,37,1100,914,898,1100,898,70.0
956,957,Royal College of Surgeons in Ireland,Ireland,7,1100,1100,925,667,673,70.0
957,958,University of Osnabrück,Germany,54,1100,1100,931,714,673,70.0
958,959,University of Perpignan Via Domita,France,57,1100,1100,1100,726,541,70.0
959,960,Qingdao University,China,101,1100,722,886,1100,1100,70.0
960,961,Sogang University,South Korea,34,653,838,885,978,1100,70.0
961,962,University of Memphis,USA,205,500,918,831,899,1100,70.0
962,963,Hunter College,USA,206,1100,1100,884,702,898,70.0
963,964,North-West University,South Africa,7,1100,823,1100,681,1100,70.0
964,965,Ningbo University,China,102,1100,765,837,1100,1100,70.0
965,966,Shahid Beheshti University of Medical Sciences,Iran,11,1100,644,1100,949,1100,70.0
966,967,National Taiwan Ocean University,Taiwan,16,893,930,911,1100,898,70.0
967,968,INSA Toulouse,France,58,659,1100,871,777,898,70.0
968,969,University of Antioquia,Colombia,3,1100,936,1100,783,898,70.0
969,970,Shantou University,China,103,1100,1100,1100,814,673,70.0
970,971,Chung Yuan Christian University,Taiwan,17,526,924,891,1100,898,69.9
971,972,Guangzhou Medical University,China,104,1100,864,913,880,1100,69.9
972,973,Amherst College,USA,207,66,1100,1100,983,1100,69.9
973,974,Yunnan University,China,105,1100,867,951,759,1100,69.9
974,975,Johannes Kepler University Linz,Austria,11,1100,947,853,825,1100,69.9
975,976,New York Medical College,USA,208,1100,1100,913,719,898,69.9
976,977,Missouri University of Science and Technology,USA,209,392,916,827,1100,1100,69.9
977,978,University of Maribor,Slovenia,2,1100,871,1100,1100,898,69.9
978,979,Atatürk University,Turkey,13,1100,674,1100,1100,898,69.9
979,980,Eastern Virginia Medical School,USA,210,1100,1100,1100,792,327,69.9
980,981,University of North Carolina at Greensboro,USA,211,1100,1100,938,1100,673,69.9
981,982,Beijing Forestry University,China,106,1100,837,840,1100,1100,69.9
982,983,Liverpool School of Tropical Medicine,United Kingdom,60,1100,1100,920,508,898,69.9
983,984,University of Brighton,United Kingdom,61,1100,1100,873,727,1100,69.9
984,985,Federal University of Bahia,Brazil,20,1100,793,981,985,1100,69.9
985,986,University of St. Gallen,Switzerland,9,32,1100,1100,1100,898,69.9
986,987,Xiangtan University,China,107,915,861,818,1100,1100,69.8
987,988,Manchester Metropolitan University,United Kingdom,62,960,1100,1100,856,673,69.8
988,989,University of A Coruña,Spain,38,1100,847,832,1100,1100,69.8
989,990,Khon Kaen University,Thailand,4,1100,879,1100,1100,898,69.8
990,991,University of Ibadan,Nigeria,1,1100,1100,1100,774,898,69.8
991,992,Shahid Beheshti University,Iran,12,1100,815,1100,1100,673,69.8
992,993,University of Massachusetts Lowell,USA,212,930,1100,989,1100,541,69.8
993,994,Loma Linda University,USA,213,1100,1100,949,890,898,69.8
994,995,University of Macau,Macau,1,512,883,816,1100,1100,69.8
995,996,Aga Khan University,Pakistan,3,1100,1100,1100,464,673,69.8
996,997,University of Calcutta,India,17,716,798,966,1100,1100,69.8
997,998,K?chi University,Japan,56,1100,1100,1100,811,673,69.8
998,999,Soonchunhyang University,South Korea,35,1100,881,1100,1100,898,69.8
999,1000,Capital Normal University,China,108,869,923,904,889,1100,69.8
